Words,Frequency
,47
the,8
to,6
be,4
Rob,4
enroncom,4
If,3
and,3
of,3
it,2
could,2
this,2
talk,2
you,2
To,2
a,2
said,2
ll,2
Speaking,2
in,2
toriwells,2
Place,2
Subject,2
interesting,2
Invitation,2
Bradley,2
Gathering,2
on,2
into,2
your,1
MessageID,1
Date,1
an,1
Folderssent,1
Bcc,1
group,1
Xcc,1
2000,1
Xbcc,1
are,1
prepare,1
wellness,1
Rosalee,1
full,1
some,1
10,1
marketplace,1
ContentType,1
Tori,1
chairman,1
fits,1
0951,1
having,1
since,1
business,1
XOrigin,1
Re,1
delighted,1
s,1
what,1
mental,1
Fleming,1
doing,1
charsetusascii,1
shows,1
strategy,1
Ken,1
cc,1
0700,1
thyme,1
Cc,1
corporate,1
with,1
employer,1
inclined,1
robbradley,1
XTo,1
leader,1
accept,1
LayCorpEnron,1
ENRON,1
segue,1
MimeVersion,1
You,1
we,1
181430331075840285565JavaMailevans,1
put,1
XFrom,1
Bowen,1
expect,1
around,1
emphasis,1
Fri,1
AM,1
PDT,1
Wells,1
event,1
XFolder,1
choice,1
he,1
statistics,1
will,1
invitation,1
LAYK,1
4,1
for,1
schedule,1
is,1
Aug,1
Enron,1
I,1
rosaleefleming,1
workplace,1
national,1
then,1
ContentTransferEncoding,1
textplain,1
KennethLayDec2000Notes,1
Jack,1
fun,1
good,1
become,1
importance,1
klaynsf,1
Kenneth,1
health,1
Rosie,1
7bit,1
07192000,1
happy,1
remarks,1
do,1
054000,1
From,1
400,1
very,1
would,1
experience,1
L,1
Our,1
XFileName,1
Hi,1
honorary,1
together,1
house,1
