Word,Freq,Rank
and,627,1
the,578,2
i,508,3
to,446,4
of,351,5
you,335,6
that,271,7
a,258,8
is,240,9
not,225,10
in,220,11
my,209,12
he,171,13
it,170,14
for,167,15
his,155,16
bru.,153,17
your,149,18
with,147,19
haue,144,20
this,140,21
be,140,22
will,140,23
but,138,24
me,132,25
as,129,26
shall,125,27
what,114,28
thou,110,29
do,108,30
cassi.,107,31
are,106,32
so,106,33
caesar,103,34
him,100,35
we,95,36
by,94,37
our,93,38
then,89,39
brutus,89,40
all,86,41
if,84,42
no,81,43
did,70,44
o,66,45
on,66,46
when,66,47
they,65,48
good,65,49
let,64,50
come,62,51
was,62,52
their,61,53
enter,57,54
at,57,55
thy,56,56
am,55,57
know,55,58
"brutus,",52,59
"caesar,",51,60
from,49,61
now,49,62
ant.,48,63
vs,47,64
vpon,46,65
would,44,66
or,44,67
which,42,68
why,41,69
some,41,70
there,41,71
heere,41,72
cassius,39,73
cask.,38,74
them,38,75
should,38,76
these,37,77
antony,37,78
brut.,37,79
such,37,80
caesars,37,81
must,36,82
like,36,83
noble,35,84
thee,35,85
go,35,86
were,35,87
hath,35,88
tell,35,89
men,35,90
giue,35,91
may,34,92
yet,34,93
"him,",34,94
heare,33,95
man,32,96
how,32,97
well,31,98
an,31,99
see,31,100
where,31,101
"me,",30,102
one,29,103
"cassius,",29,104
stand,29,105
who,28,106
most,28,107
euery,28,108
caes,28,109
luc.,28,110
had,27,111
doth,27,112
loue,26,113
vp,26,114
more,26,115
speake,26,116
make,25,117
"antony,",25,118
great,25,119
"you,",25,120
nor,24,121
any,24,122
much,23,123
too,23,124
'tis,22,125
lord,22,126
art,22,127
exeunt.,22,128
selfe,22,129
take,22,130
cas.,21,131
"men,",21,132
beare,21,133
till,21,134
day,21,135
out,21,136
mine,20,137
looke,20,138
thinke,20,139
marke,20,140
can,19,141
"i,",19,142
"sir,",19,143
messa.,19,144
octa.,18,145
feare,18,146
rome,17,147
could,17,148
leaue,17,149
hand,17,150
say,17,151
"caska,",17,152
bid,17,153
time,17,154
"rome,",17,155
put,16,156
"say,",16,157
por.,16,158
about,16,159
finde,16,160
euen,16,161
neuer,15,162
"man,",15,163
stay,15,164
off,15,165
many,15,166
"not,",15,167
"will,",15,168
night,15,169
death,15,170
wee'l,15,171
heart,15,172
comes,15,173
into,14,174
done,14,175
caesar.,14,176
"octauius,",14,177
all.,14,178
word,14,179
caesar:,14,180
you:,14,181
"this,",14,182
downe,14,183
him:,14,184
doe,14,185
vnto,13,186
mark,13,187
ile,13,188
"night,",13,189
hast,13,190
thus,13,191
made,13,192
things,13,193
wrong,13,194
cinna.,13,195
"then,",13,196
blood,13,197
"friends,",13,198
romans,13,199
"messala,",12,200
"thee,",12,201
bad,12,202
best,12,203
very,12,204
set,12,205
honourable,12,206
exit,12,207
therefore,12,208
morrow,12,209
"day,",12,210
true,11,211
brutus.,11,212
"selfe,",11,213
"lucius,",11,214
follow,11,215
1.,11,216
might,11,217
hee,11,218
name,11,219
send,11,220
other,11,221
shew,11,222
caius,11,223
get,11,224
hold,11,225
euer,11,226
"gods,",11,227
ser.,11,228
"so,",11,229
caes.,11,230
"know,",10,231
spirit,10,232
run,10,233
people,10,234
master,10,235
philippi,10,236
"friend,",10,237
mighty,10,238
two,10,239
meete,10,240
place,10,241
2.,10,242
before,10,243
titinius,10,244
keepe,10,245
after,10,246
"lord,",10,247
farewell,10,248
else,10,249
beares,10,250
cass.,10,251
bring,10,252
thing,10,253
meane,9,254
dye,9,255
peace,9,256
4.,9,257
better,9,258
gentle,9,259
"death,",9,260
sure,9,261
sooth.,9,262
those,9,263
vnder,9,264
liue,9,265
owne,9,266
"come,",9,267
"againe,",9,268
onely,9,269
"that,",9,270
gods,9,271
roman,9,272
march,9,273
full,9,274
capitoll,9,275
fell,9,276
cry,9,277
so:,9,278
nothing,9,279
"now,",9,280
"them,",9,281
"no,",9,282
being,9,283
fire,9,284
friend,9,285
directly,9,286
common,9,287
it.,9,288
face,9,289
"feare,",8,290
against,8,291
me:,8,292
"peace,",8,293
first,8,294
way,8,295
him.,8,296
rather,8,297
poore,8,298
words,8,299
turne,8,300
friends,8,301
"titinius,",8,302
none,8,303
please,8,304
it:,8,305
"hand,",8,306
octauius,8,307
you?,8,308
strange,8,309
"well,",8,310
"dead,",8,311
"fire,",8,312
bloody,8,313
"speake,",8,314
metellus,8,315
answer,8,316
decius,8,317
"heere,",8,318
"part,",8,319
brother,8,320
3.,8,321
them.,8,322
forth,8,323
yong,8,324
three,7,325
she,7,326
"it,",7,327
himselfe,7,328
"once,",7,329
meanes,7,330
cause,7,331
strong,7,332
home,7,333
antony:,7,334
me?,7,335
"boy,",7,336
beene,7,337
sicke,7,338
let's,7,339
messala,7,340
welcome,7,341
saw,7,342
seene,7,343
away,7,344
stirre,7,345
fall,7,346
honor,7,347
heard,7,348
"what,",7,349
eyes,7,350
so?,7,351
"cause,",7,352
hearts,7,353
ill,7,354
cin.,7,355
body,7,356
hands,7,357
sword,7,358
"cato,",7,359
2,7,360
old,7,361
worthy,7,362
walke,7,363
read,7,364
"looke,",7,365
"hands,",7,366
did'st,7,367
"yet,",7,368
durst,7,369
3,7,370
"lucillius,",7,371
me.,7,372
her,7,373
pindarus,6,374
portia,6,375
kill,6,376
lucil.,6,377
part,6,378
publius,6,379
alarum.,6,380
tongue,6,381
fit,6,382
remember,6,383
&,6,384
fetch,6,385
seruant.,6,386
lye,6,387
though,6,388
ye,6,389
4,6,390
since,6,391
hide,6,392
"on,",6,393
pompeyes,6,394
lord?,6,395
"vs,",6,396
loues,6,397
this:,6,398
right,6,399
crowne,6,400
leade,6,401
"eyes,",6,402
ere,6,403
"sayes,",6,404
vile,6,405
"be,",6,406
enter.,6,407
there's,6,408
ouer,6,409
dead,6,410
man.,6,411
generall,6,412
"strato,",6,413
"true,",6,414
lucillius,6,415
deci.,6,416
pardon,6,417
"downe,",6,418
clit.,6,419
lucius.,6,420
last,6,421
call,6,422
"world,",6,423
cassius:,6,424
house,6,425
within,6,426
came,6,427
traitors,6,428
"life,",6,429
went,6,430
lou'd,6,431
deere,6,432
seeke,6,433
pray,6,434
"done,",6,435
talke,6,436
flye,6,437
left,6,438
sleepe,6,439
both,6,440
caska,6,441
"loue,",6,442
cassius.,6,443
ides,6,444
you.,5,445
cicero,5,446
cymber,5,447
selues,5,448
world,5,449
shake,5,450
tooke,5,451
wilt,5,452
heere?,5,453
"heart,",5,454
him;,5,455
"away,",5,456
still,5,457
further,5,458
passe,5,459
brought,5,460
appeare,5,461
"ligarius,",5,462
little,5,463
fla.,5,464
mur.,5,465
vs.,5,466
respect,5,467
times,5,468
dangerous,5,469
tit.,5,470
awake,5,471
weake,5,472
cinna,5,473
cai.,5,474
"liue,",5,475
trade,5,476
"fellow,",5,477
gaue,5,478
so.,5,479
not:,5,480
"house,",5,481
marcus,5,482
1,5,483
"spirits,",5,484
"is,",5,485
wherefore,5,486
calp.,5,487
through,5,488
night:,5,489
note,5,490
"himselfe,",5,491
end,5,492
titin.,5,493
cut,5,494
day:,5,495
"matter,",5,496
will:,5,497
lookes,5,498
change,5,499
decius.,5,500
dayes,5,501
perceiue,5,502
found,5,503
"countrymen,",5,504
"indeed,",5,505
farre,5,506
thee.,5,507
not?,5,508
"ho,",5,509
"romans,",5,510
trebonius,5,511
blame,5,512
angry,5,513
suite,5,514
enemy,5,515
offer'd,5,516
yours,5,517
this?,5,518
"vse,",5,519
cannot,5,520
base,5,521
"see,",5,522
backe,5,523
prepare,5,524
sonne,5,525
vse,5,526
high,5,527
fare,5,528
least,5,529
without,5,530
seuerall,5,531
him?,5,532
speakes,5,533
braue,5,534
tent,5,535
voyce,5,536
"word,",5,537
reade,5,538
seeme,5,539
whose,5,540
same,5,541
actus,5,542
"cinna,",5,543
whether,5,544
life,5,545
"by,",5,546
here,5,547
breake,5,548
lucius,5,549
"sword,",5,550
well.,5,551
meet,5,552
"body,",4,553
away:,4,554
"hence,",4,555
dost,4,556
certaine,4,557
"he,",4,558
"yes,",4,559
burne,4,560
satisfied,4,561
cic.,4,562
"crowne,",4,563
treb.,4,564
shalt,4,565
poet.,4,566
thinkes,4,567
"wounds,",4,568
point,4,569
minde,4,570
ho,4,571
wish,4,572
worke,4,573
deny'd,4,574
weepe,4,575
lay,4,576
teare,4,577
"place,",4,578
weare,4,579
hee's,4,580
time:,4,581
noblest,4,582
dare,4,583
whil'st,4,584
"honor,",4,585
lord.,4,586
another,4,587
"trebonius,",4,588
caesar!,4,589
that?,4,590
"rest,",4,591
wisely,4,592
halfe,4,593
grace,4,594
mutiny,4,595
new,4,596
taken,4,597
hard,4,598
"stand,",4,599
red,4,600
glad,4,601
dreadfull,4,602
tempt,4,603
monstrous,4,604
reason,4,605
giues,4,606
letters,4,607
begge,4,608
"more,",4,609
brutus:,4,610
quite,4,611
"selues,",4,612
who's,4,613
offended.,4,614
caska:,4,615
triumph,4,616
(as,4,617
th',4,618
"reasons,",4,619
"do,",4,620
themselues,4,621
fast,4,622
not.,4,623
"cynna,",4,624
senate,4,625
"roman,",4,626
"volumnius,",4,627
ought,4,628
vertue,4,629
cob.,4,630
giuen,4,631
"blood,",4,632
enough,4,633
reasons,4,634
"there,",4,635
speech,4,636
manet,4,637
"heauen,",4,638
mindes,4,639
valiant,4,640
along,4,641
"hard,",4,642
said,4,643
cassius?,4,644
thought,4,645
sad,4,646
mou'd,4,647
indeed,4,648
"backe,",4,649
rest,4,650
wherein,4,651
thou?,4,652
"all,",4,653
look,4,654
roome,4,655
pulpit,4,656
that's,4,657
plebeians.,4,658
honest,4,659
fly,4,660
fellow,4,661
hence,4,662
beware,4,663
"vp,",4,664
"spirit,",4,665
presse,4,666
var.,4,667
"alas,",4,668
"decius,",4,669
stra.,4,670
behold,4,671
antony.,4,672
"forth,",4,673
"out,",4,674
"senators,",4,675
is:,4,676
(which,4,677
signe,4,678
write,4,679
"fall,",4,680
on:,4,681
neere,4,682
cold,4,683
resolu'd,4,684
"go,",4,685
well:,4,686
"euer,",4,687
state,4,688
nature,4,689
feeble,4,690
gone,4,691
patience,4,692
held,4,693
plucke,4,694
endure,4,695
thing?,4,696
army.,4,697
houre,4,698
"gone,",3,699
call'd,3,700
vrge,3,701
"smiles,",3,702
answer'd,3,703
become,3,704
manner,3,705
growne,3,706
loose,3,707
graunt,3,708
"enterprize,",3,709
"in,",3,710
death.,3,711
enterprize,3,712
"any,",3,713
kinde,3,714
lesse,3,715
fearefull,3,716
"deede,",3,717
hee?,3,718
ran,3,719
too:,3,720
"hoe,",3,721
cato.,3,722
lies,3,723
goes,3,724
offence,3,725
thine,3,726
feare:,3,727
"off,",3,728
both.,3,729
now?,3,730
wrong'd,3,731
heauens,3,732
toward,3,733
what's,3,734
buried,3,735
nay,3,736
alas,3,737
"flood,",3,738
happy,3,739
senators,3,740
begin,3,741
dard.,3,742
hundred,3,743
hither,3,744
tydings,3,745
saue,3,746
"enough,",3,747
"worth,",3,748
i:,3,749
soone,3,750
desire,3,751
titinius:,3,752
runne,3,753
thoughts,3,754
men.,3,755
consent,3,756
pompey,3,757
smile,3,758
fled,3,759
kisse,3,760
sweare,3,761
battell,3,762
trouble,3,763
refus'd,3,764
together:,3,765
lep.,3,766
do?,3,767
"nay,",3,768
does,3,769
doest,3,770
knowes,3,771
"mou'd,",3,772
sayes,3,773
what?,3,774
on.,3,775
clocke,3,776
"about,",3,777
"within,",3,778
sound,3,779
honour,3,780
"claudio,",3,781
country,3,782
ride,3,783
faults,3,784
aduantage,3,785
haste,3,786
low,3,787
lepidus,3,788
commend,3,789
"way,",3,790
proper,3,791
"gold,",3,792
head,3,793
all:,3,794
matter,3,795
funerall,3,796
taper,3,797
for?,3,798
iulius,3,799
fashion,3,800
"but,",3,801
"humor,",3,802
eye,3,803
say:,3,804
"winde,",3,805
free,3,806
truly,3,807
ple.,3,808
art.,3,809
foorth,3,810
calphurnia,3,811
way:,3,812
"health,",3,813
doubt,3,814
turn'd,3,815
successe,3,816
"did,",3,817
"capitoll,",3,818
"side,",3,819
messala.,3,820
order,3,821
hearke,3,822
once,3,823
safe,3,824
"eye,",3,825
morning,3,826
againe:,3,827
"noble,",3,828
honors,3,829
fearing,3,830
"mee,",3,831
conquest,3,832
thing.,3,833
madam,3,834
"constancie,",3,835
wine,3,836
power,3,837
things.,3,838
forget,3,839
huge,3,840
fault,3,841
according,3,842
while,3,843
once:,3,844
drop,3,845
it?,3,846
"wise,",3,847
pluckt,3,848
already,3,849
"rage,",3,850
"wife,",3,851
forth:,3,852
spoke,3,853
heere's,3,854
beleeue,3,855
"much,",3,856
hence:,3,857
ghost,3,858
present,3,859
"lepidus,",3,860
sicke?,3,861
tane,3,862
affayres,3,863
"while,",3,864
crosse,3,865
caesar?,3,866
streets,3,867
greater,3,868
selfe.,3,869
antonio,3,870
number,3,871
cicero.,3,872
mother,3,873
close,3,874
"minde,",3,875
ghost.,3,876
presently,3,877
yee,3,878
metel.,3,879
masters,3,880
"hither,",3,881
worse,3,882
"metellus,",3,883
reuenge,3,884
capitoll:,3,885
"letters,",3,886
deed,3,887
"hearts,",3,888
"said,",3,889
ambitious:,3,890
course,3,891
led,3,892
bed,3,893
againe,3,894
"flye,",3,895
second,3,896
market,3,897
brutus?,3,898
volumnius.,3,899
no:,3,900
borne,3,901
"hearke,",3,902
"sirs,",3,903
because,3,904
woman,3,905
backe:,3,906
dagger,3,907
receiue,3,908
army,3,909
is't,3,910
lucius:,3,911
pind.,3,912
opinion,3,913
eare,3,914
beseech,3,915
idle,3,916
noyse,3,917
turnes,3,918
brings,3,919
"words,",3,920
told,3,921
messala:,3,922
ne're,3,923
sit,3,924
constant,3,925
priuate,3,926
thrice,3,927
"besides,",3,928
lye?,3,929
"heare,",3,930
"spurre,",3,931
mettle,3,932
flauius.,3,933
purpose,3,934
publike,3,935
greefes,3,936
hot,3,937
apt,3,938
prythee,3,939
ordinary,3,940
sweet,3,941
'twas,3,942
thunder,3,943
earth,3,944
speak,3,945
statue,3,946
visit,3,947
knew,3,948
makes,3,949
pitty,3,950
day.,3,951
"meet,",3,952
construe,3,953
do'st,3,954
dreame,3,955
tyber,3,956
"withall,",3,957
steale,2,958
slight,2,959
each,2,960
"knees,",2,961
of.,2,962
popil.,2,963
commanders,2,964
"oath,",2,965
pin.,2,966
discouer,2,967
reioyce,2,968
strength,2,969
strato?,2,970
almost,2,971
men;,2,972
world.,2,973
strokes,2,974
"portia,",2,975
"vnbraced,",2,976
long,2,977
"streets,",2,978
need,2,979
going?,2,980
ambition,2,981
along.,2,982
"'em,",2,983
hill,2,984
lyons,2,985
gentlemen,2,986
againe?,2,987
sorrow,2,988
third,2,989
"hart,",2,990
"too,",2,991
round,2,992
"why,",2,993
slew,2,994
bestow,2,995
"soules,",2,996
alone,2,997
bound,2,998
sees,2,999
vpward,2,1000
yonder,2,1001
"starres,",2,1002
alarums.,2,1003
incorporate,2,1004
opinion:,2,1005
shew'd,2,1006
bed:,2,1007
"warre,",2,1008
ensigne,2,1009
hand.,2,1010
"ioy,",2,1011
"vertue,",2,1012
yeeld,2,1013
will.,2,1014
parting,2,1015
feast,2,1016
"better,",2,1017
"traitors,",2,1018
"tane,",2,1019
follow:,2,1020
audience,2,1021
bee,2,1022
death:,2,1023
spurne,2,1024
"beleeue,",2,1025
volum.,2,1026
honorable,2,1027
(perhaps),2,1028
"images,",2,1029
publius.,2,1030
opens,2,1031
knaue,2,1032
then:,2,1033
something,2,1034
mans,2,1035
walkes,2,1036
night;,2,1037
duty,2,1038
bend,2,1039
battailes,2,1040
"cymber,",2,1041
blunt,2,1042
funerall.,2,1043
"condition,",2,1044
ambitious,2,1045
bleeding,2,1046
truth,2,1047
breed,2,1048
"armes,",2,1049
seru'd,2,1050
fight.,2,1051
"beasts,",2,1052
"truly,",2,1053
glory,2,1054
"cannot,",2,1055
offered,2,1056
"therein,",2,1057
"calphurnia,",2,1058
worke:,2,1059
stay'd,2,1060
lend,2,1061
"lyon,",2,1062
horse,2,1063
willing,2,1064
"alone,",2,1065
stood,2,1066
worthinesse,2,1067
light,2,1068
"motion,",2,1069
"ceremonies,",2,1070
should'st,2,1071
octauio's,2,1072
mourning,2,1073
dangers,2,1074
proofe,2,1075
push,2,1076
go.,2,1077
moue,2,1078
hoe.,2,1079
weeping,2,1080
reason.,2,1081
"still,",2,1082
fierce,2,1083
&c.,2,1084
"before,",2,1085
"glories,",2,1086
enemies.,2,1087
eight,2,1088
morrow?,2,1089
traine.,2,1090
"for,",2,1091
exalted,2,1092
destruction,2,1093
sting,2,1094
betweene,2,1095
"depart,",2,1096
friend.,2,1097
secrets,2,1098
"enemy,",2,1099
"hold,",2,1100
rich,2,1101
mess.,2,1102
deceiu'd:,2,1103
indure,2,1104
chanc'd,2,1105
"cowards,",2,1106
ground,2,1107
curse,2,1108
brest,2,1109
shewes,2,1110
often,2,1111
done:,2,1112
pub.,2,1113
"appeare,",2,1114
shout.,2,1115
together,2,1116
fortune,2,1117
terror,2,1118
yeares,2,1119
redresse.,2,1120
"worke,",2,1121
commons,2,1122
bondage,2,1123
tents,2,1124
1.ple.,2,1125
"aliue,",2,1126
cato's,2,1127
taste,2,1128
priests,2,1129
yes,2,1130
answer:,2,1131
com'st,2,1132
enemies,2,1133
"yesterday,",2,1134
heereafter.,2,1135
loued'st,2,1136
laughter,2,1137
sinke,2,1138
drinke,2,1139
soldiers,2,1140
vnfold,2,1141
bosome,2,1142
field,2,1143
bathe,2,1144
next,2,1145
titinius.,2,1146
ready,2,1147
"conspiracie,",2,1148
sights,2,1149
bones,2,1150
trash,2,1151
care,2,1152
lusty,2,1153
"fooles,",2,1154
an.,2,1155
"ayre,",2,1156
hung,2,1157
schoole,2,1158
"along,",2,1159
"poet,",2,1160
ours,2,1161
rest:,2,1162
goe,2,1163
"varrus,",2,1164
daggers,2,1165
comfort,2,1166
ope,2,1167
tending,2,1168
lost,2,1169
"dying,",2,1170
abide,2,1171
higher,2,1172
one.,2,1173
yours;,2,1174
depart,2,1175
good.,2,1176
"tyber,",2,1177
"souldier,",2,1178
name?,2,1179
mend,2,1180
"ha,",2,1181
sucke,2,1182
"teares,",2,1183
exploit,2,1184
prickt,2,1185
'em,2,1186
"soule,",2,1187
pleasure.,2,1188
"run,",2,1189
more.,2,1190
"haue,",2,1191
"stab,",2,1192
gowne.,2,1193
y,2,1194
speaking,2,1195
drum.,2,1196
faire,2,1197
breefely,2,1198
strucke,2,1199
obserue,2,1200
shame,2,1201
"generall,",2,1202
"bold,",2,1203
fiery,2,1204
spurres,2,1205
aske,2,1206
gold,2,1207
"mighty,",2,1208
oft,2,1209
sodaine,2,1210
preferre,2,1211
"pindarus,",2,1212
elder,2,1213
honesty,2,1214
soules,2,1215
mightie,2,1216
"spoyle,",2,1217
going,2,1218
"liberty,",2,1219
gallant,2,1220
aliue,2,1221
ha?,2,1222
"coward,",2,1223
wound,2,1224
"a-while,",2,1225
"legions,",2,1226
spot,2,1227
"awake,",2,1228
armes,2,1229
vnderneath,2,1230
"griefe,",2,1231
seeing,2,1232
immortall,2,1233
king,2,1234
names,2,1235
ouercame,2,1236
fawne,2,1237
open,2,1238
"eares,",2,1239
instrument,2,1240
"seeke,",2,1241
writ,2,1242
rid,2,1243
"souldiers,",2,1244
selfe:,2,1245
do:,2,1246
"time,",2,1247
dwell,2,1248
redresse,2,1249
question,2,1250
gouern'd,2,1251
sunne,2,1252
pardon:,2,1253
charge,2,1254
redresse?,2,1255
rome?,2,1256
deliuer,2,1257
agen,2,1258
"patience,",2,1259
businesse,2,1260
popillius,2,1261
dwell?,2,1262
preuention.,2,1263
store,2,1264
what:,2,1265
aboue,2,1266
"thinking,",2,1267
slaine,2,1268
barren,2,1269
boy:,2,1270
whereto,2,1271
sorry,2,1272
"gate,",2,1273
patient,2,1274
bin,2,1275
(almost),2,1276
ambitions,2,1277
portia:,2,1278
strooke,2,1279
liue;,2,1280
cast,2,1281
(for,2,1282
leape,2,1283
ancestors,2,1284
ended,2,1285
"good,",2,1286
contented,2,1287
"regard,",2,1288
riu'd,2,1289
countries,2,1290
caska.,2,1291
on?,2,1292
lightning,2,1293
"generals,",2,1294
humble,2,1295
honour'd,2,1296
downe.,2,1297
answered,2,1298
sicknesse,2,1299
sir,2,1300
peece,2,1301
beast,2,1302
"yours,",2,1303
"pale,",2,1304
-,2,1305
whilst,2,1306
"battaile,",2,1307
"madam,",2,1308
hart,2,1309
not;,2,1310
fathers,2,1311
"doores,",2,1312
ages,2,1313
rise,2,1314
straight,2,1315
try,2,1316
past,2,1317
intended,2,1318
blood:,2,1319
euils,2,1320
woe,2,1321
"cold,",2,1322
"sonne,",2,1323
acte,2,1324
streame,2,1325
awe,2,1326
wife,2,1327
clitus:,2,1328
mistrust,2,1329
"change,",2,1330
"strike,",2,1331
deerer,2,1332
canst,2,1333
"am,",2,1334
"flauius,",2,1335
wrong:,2,1336
consider,2,1337
fresh,2,1338
holy,2,1339
"breefely,",2,1340
soothsayer.,2,1341
buriall.,2,1342
greeke,2,1343
begins,2,1344
"god,",2,1345
choose,2,1346
tragedie,2,1347
bleed,2,1348
haile,2,1349
teeth.,2,1350
chariot,2,1351
legions,2,1352
calphurnia's,2,1353
fortune:,2,1354
married,2,1355
"conspirators,",2,1356
man?,2,1357
draw,2,1358
listen,2,1359
thee?,2,1360
fingers,2,1361
night?,2,1362
walk'd,2,1363
rendred,2,1364
home?,2,1365
"valiant,",2,1366
danger,2,1367
humour,2,1368
growing,2,1369
still:,2,1370
heauy:,2,1371
steele,2,1372
personall,2,1373
name:,2,1374
touches,2,1375
"first,",2,1376
assure,2,1377
falling,2,1378
away.,2,1379
coward,2,1380
leaden,2,1381
vs:,2,1382
"abroad,",2,1383
souldier,2,1384
much:,2,1385
holds,2,1386
deeds,2,1387
sicknesse?,2,1388
"knowne,",2,1389
them;,2,1390
pindarus.,2,1391
euill,2,1392
"yea,",2,1393
stand.,2,1394
"wildenesse,",2,1395
parts,2,1396
cobl.,2,1397
infants,2,1398
"ambitious,",2,1399
hauing,2,1400
"mantle,",2,1401
"speak,",2,1402
clau.,2,1403
fellow?,2,1404
neede,2,1405
clitus,2,1406
"wine,",2,1407
beholding,2,1408
cuts,2,1409
"late,",2,1410
liues,2,1411
more:,2,1412
"brow,",2,1413
"farre,",2,1414
better.,2,1415
"freedome,",2,1416
"tell,",2,1417
mens,2,1418
"heads,",2,1419
sawcy,2,1420
newes?,2,1421
faces,2,1422
"tent,",2,1423
"romane,",2,1424
"amisse,",2,1425
clocke?,2,1426
"paper,",2,1427
sold.,2,1428
thanke,2,1429
fret,2,1430
tyrant,2,1431
stands,2,1432
"ride,",2,1433
"sirra,",2,1434
"power,",2,1435
credit,2,1436
poet,2,1437
met.,2,1438
"face,",2,1439
"bondman,",2,1440
"are,",2,1441
flatterers,2,1442
home:,2,1443
harme,2,1444
"sardis,",2,1445
fell.,2,1446
within.,2,1447
defend,2,1448
greefe,2,1449
conspirators,2,1450
mothers,2,1451
either,2,1452
"harke,",2,1453
rushing,2,1454
satisfied:,2,1455
kill'd,2,1456
speed,2,1457
country-men,2,1458
"yoake,",2,1459
intreat,2,1460
"market-place,",2,1461
yea,2,1462
crost,2,1463
there?,2,1464
pricke,2,1465
immediately,2,1466
conspirator,2,1467
liberty,2,1468
shed,2,1469
"ouer,",2,1470
"clouds,",2,1471
lady,2,1472
touch,2,1473
sway'd,2,1474
gone.,2,1475
crown'd,2,1476
"purposes,",2,1477
rul'd,2,1478
boy,2,1479
"dye,",2,1480
impatience,2,1481
dardanius,2,1482
"thing,",2,1483
'tweene,2,1484
leads,2,1485
plaine,2,1486
hearts:,2,1487
"cicero,",2,1488
"end,",2,1489
ligarius.,2,1490
artemidorus.,2,1491
loe,2,1492
cinna;,2,1493
"stones,",2,1494
forme,2,1495
"vile,",2,1496
proscription,2,1497
yond,2,1498
field.,2,1499
(like,2,1500
"round,",2,1501
dye:,2,1502
sight,2,1503
bury,2,1504
"publius,",2,1505
teares,2,1506
dangerous.,2,1507
thrusting,2,1508
attaine,2,1509
permission:,2,1510
"impossible,",2,1511
fashion.,2,1512
tide,2,1513
house:,2,1514
"thought,",2,1515
blood.,2,1516
billes,2,1517
instruments,2,1518
forth?,2,1519
"businesse,",2,1520
else?,2,1521
still.,2,1522
made.,2,1523
decree,2,1524
"heard,",2,1525
promise,2,1526
world;,2,1527
deseru'd,2,1528
groaning,2,1529
lyes,2,1530
"was,",2,1531
gods!,2,1532
poor,2,1533
"hilts,",2,1534
spirits,2,1535
matter?,2,1536
"talke,",2,1537
world:,2,1538
ciuill,2,1539
for.,2,1540
"brother,",2,1541
set.,2,1542
start,2,1543
preuent,2,1544
trebonius.,2,1545
seem'd,2,1546
age,2,1547
raise,2,1548
countrymen?,2,1549
fight,2,1550
marching,2,1551
lord:,2,1552
friendly,2,1553
"age,",2,1554
cruell,2,1555
brands,2,1556
rash,2,1557
swords,2,1558
dec.,2,1559
pindarus?,2,1560
towards,2,1561
seuenty,2,1562
proceeded,2,1563
render,2,1564
"o,",2,1565
"wrong,",2,1566
enuy,2,1567
itching,2,1568
haire,2,1569
"going,",2,1570
claudio.,2,1571
ha's,2,1572
bids,2,1573
portia.,2,1574
woman;,2,1575
cly.,2,1576
grow,2,1577
issue,2,1578
"may,",1,1579
storme,1,1580
"houses,",1,1581
"proclaime,",1,1582
"sell,",1,1583
proceede,1,1584
prey;,1,1585
disrobe,1,1586
"was't,",1,1587
fellow.,1,1588
selfe;,1,1589
"mettle,",1,1590
"slaue,",1,1591
sword-,1,1592
bow,1,1593
vpmost,1,1594
dish,1,1595
conditions,1,1596
'em.,1,1597
"cimber,",1,1598
spirited,1,1599
eagerly:,1,1600
tride,1,1601
ligarius:,1,1602
councell;,1,1603
eares,1,1604
star'd,1,1605
decay,1,1606
enemie,1,1607
change.,1,1608
"straine,",1,1609
check'd,1,1610
"shooes,",1,1611
"perils,",1,1612
vrg'd:,1,1613
auoyd,1,1614
subtle,1,1615
"loues,",1,1616
"dull,",1,1617
flourish'd,1,1618
euerlasting,1,1619
in.,1,1620
countenance,1,1621
enterprize.,1,1622
"killing,",1,1623
ayre-lesse,1,1624
himselfe;,1,1625
summers,1,1626
mirth,1,1627
"bloodie,",1,1628
may:,1,1629
vntill,1,1630
peeuish,1,1631
warne,1,1632
smell,1,1633
out?,1,1634
bethinke,1,1635
sake),1,1636
vnto.,1,1637
chide,1,1638
stampt,1,1639
vs?,1,1640
reuerence.,1,1641
doubted.,1,1642
"flatterers,",1,1643
do;,1,1644
"driue,",1,1645
"call'd,",1,1646
calphurnia:,1,1647
spoke.,1,1648
story:,1,1649
rose,1,1650
wisht,1,1651
"voyce,",1,1652
"ferret,",1,1653
thank,1,1654
count,1,1655
knaue?,1,1656
arming,1,1657
"malice,",1,1658
labouring,1,1659
"made,",1,1660
spirit.,1,1661
annoying,1,1662
murrellus,1,1663
all),1,1664
showts,1,1665
"knaue,",1,1666
surly,1,1667
qualitie;,1,1668
houre;,1,1669
"stop,",1,1670
thicke:,1,1671
bussling,1,1672
content.,1,1673
mechanicall),1,1674
much?,1,1675
"like,",1,1676
mortall,1,1677
surest,1,1678
blacke,1,1679
capitoll?,1,1680
vnlesse,1,1681
"streete,",1,1682
ceremony,1,1683
papers,1,1684
"elbowes,",1,1685
sentence,1,1686
mart,1,1687
"shape,",1,1688
stayes,1,1689
motion:,1,1690
oath:,1,1691
iealous:,1,1692
making,1,1693
loue:,1,1694
side.,1,1695
towres,1,1696
hazard,1,1697
"ladder,",1,1698
antonies,1,1699
among,1,1700
ioyn'd;,1,1701
belike,1,1702
mouth,1,1703
guide,1,1704
"merry,",1,1705
creature,1,1706
sickely,1,1707
physicall,1,1708
"mouth,",1,1709
dignities,1,1710
pleasure?,1,1711
marry,1,1712
corpes,1,1713
hindes.,1,1714
"sighing,",1,1715
bondman?,1,1716
brow,1,1717
vtterance,1,1718
tear,1,1719
comment,1,1720
drizel'd,1,1721
forth;,1,1722
fates.,1,1723
range,1,1724
gowne:,1,1725
slept,1,1726
expedition,1,1727
"expectation,",1,1728
descend?,1,1729
pitteous,1,1730
breathed,1,1731
merry;,1,1732
"seene,",1,1733
vttermost?,1,1734
ninth,1,1735
streets?,1,1736
"other,",1,1737
giuing,1,1738
sight!,1,1739
disperse,1,1740
determined,1,1741
nimblenesse,1,1742
"resolu'd,",1,1743
with.,1,1744
gowne,1,1745
chose,1,1746
triall.,1,1747
semblance,1,1748
"mooue,",1,1749
pay,1,1750
shadowes,1,1751
richest,1,1752
soft,1,1753
debt,1,1754
"conditions,",1,1755
sennet,1,1756
clamors,1,1757
bar'd,1,1758
"state,",1,1759
commit,1,1760
stal'de,1,1761
maiesticke,1,1762
"murellus,",1,1763
"parts,",1,1764
bloods,1,1765
condemn'd,1,1766
dagger:,1,1767
beleeue.,1,1768
"iudge,",1,1769
"neglect,",1,1770
"honour'd,",1,1771
swords;,1,1772
"mirrors,",1,1773
"laughter,",1,1774
protest,1,1775
heauen,1,1776
baite,1,1777
weary,1,1778
wauing,1,1779
"squadrons,",1,1780
knot,1,1781
say?,1,1782
legacies,1,1783
sweetly,1,1784
within?,1,1785
"preuent,",1,1786
modestie,1,1787
pitty:,1,1788
was't,1,1789
"begin,",1,1790
reputed:,1,1791
hated,1,1792
stale,1,1793
strengthen,1,1794
think'st,1,1795
song.,1,1796
horrid,1,1797
sweatie,1,1798
niggard,1,1799
at.,1,1800
tokens,1,1801
threatning,1,1802
climb'd,1,1803
then;,1,1804
"pleas'd,",1,1805
vrg'd,1,1806
"sparke,",1,1807
volumnius:,1,1808
seale,1,1809
roman?,1,1810
batchellor?,1,1811
benefit,1,1812
vulgar,1,1813
"heape,",1,1814
vp.,1,1815
signall,1,1816
wonderfull?,1,1817
grant,1,1818
"corruption,",1,1819
limitation?,1,1820
statue:,1,1821
vnderlings.,1,1822
field;,1,1823
"disclos'd,",1,1824
knocke,1,1825
wonders,1,1826
trod,1,1827
silence,1,1828
strato.,1,1829
"orator,",1,1830
iudgement,1,1831
soules:,1,1832
bargaine,1,1833
disclose,1,1834
serpents,1,1835
"merrily,",1,1836
mouthes,1,1837
disgest,1,1838
"bees,",1,1839
certaine:,1,1840
thee:,1,1841
sleepy,1,1842
euills,1,1843
hate,1,1844
vngently,1,1845
cause.,1,1846
life:,1,1847
"dyest,",1,1848
heed,1,1849
bowl,1,1850
"strong,",1,1851
battaile,1,1852
dash,1,1853
"multitude,",1,1854
"refresht,",1,1855
"conceyu'd,",1,1856
"combin'd,",1,1857
hell,1,1858
diuers,1,1859
womanish,1,1860
"inuenomed,",1,1861
thinke.,1,1862
"thinke,",1,1863
"dogge,",1,1864
entire,1,1865
comming,1,1866
bed.,1,1867
within:,1,1868
basest,1,1869
leagues,1,1870
humours,1,1871
brutish,1,1872
cymber:,1,1873
so;,1,1874
tyred,1,1875
world!,1,1876
breast:,1,1877
slaues,1,1878
night.,1,1879
iudge.,1,1880
"corpes,",1,1881
thrice?,1,1882
reply,1,1883
impatiently,1,1884
ambitious?,1,1885
hony-lesse,1,1886
dispos'd:,1,1887
"fashion,",1,1888
"neyther,",1,1889
freedome;,1,1890
meane:,1,1891
comming?,1,1892
measure?,1,1893
thriue,1,1894
"windowes,",1,1895
accoutred,1,1896
word?,1,1897
paines,1,1898
stinglesse,1,1899
me!,1,1900
"further,",1,1901
mad:,1,1902
come:,1,1903
began,1,1904
"finde,",1,1905
fill,1,1906
olympus,1,1907
stare,1,1908
vildely,1,1909
ladder,1,1910
asse),1,1911
returning,1,1912
mischeefes.,1,1913
"note-booke,",1,1914
worth,1,1915
"engagements,",1,1916
whatsoeuer,1,1917
heere:,1,1918
rayes,1,1919
"colour,",1,1920
metellus:,1,1921
"clowds,",1,1922
better:,1,1923
"fury,",1,1924
on't.,1,1925
"wherein,",1,1926
ore-read,1,1927
secrets?,1,1928
"lighted,",1,1929
"new-fir'd,",1,1930
naturall:,1,1931
owne.,1,1932
"tower,",1,1933
shold,1,1934
"enforc'd,",1,1935
faction.,1,1936
doubtfull,1,1937
power:,1,1938
back.,1,1939
calphurnia?,1,1940
graze,1,1941
heare.,1,1942
"angell,",1,1943
instrument.,1,1944
else:,1,1945
"chayre,",1,1946
shine:,1,1947
kissing,1,1948
skie,1,1949
princes,1,1950
"sufficeth,",1,1951
worldly,1,1952
pretors,1,1953
lyable,1,1954
flatterers.,1,1955
'twere,1,1956
light:,1,1957
"wolfe,",1,1958
testie,1,1959
dyest,1,1960
"carrions,",1,1961
"breathlesse,",1,1962
"rogues,",1,1963
"follow,",1,1964
acquainted,1,1965
"voyces,",1,1966
attyre?,1,1967
pluck'd,1,1968
endure.,1,1969
smiles,1,1970
wash.,1,1971
coronets:,1,1972
narrow,1,1973
defeat.,1,1974
"fond,",1,1975
offering,1,1976
neighbors,1,1977
"howting,",1,1978
generals,1,1979
readie,1,1980
coffin,1,1981
stare?,1,1982
mourne,1,1983
"labour'd,",1,1984
wide,1,1985
"fell,",1,1986
affraid?,1,1987
alone?,1,1988
aswell:,1,1989
yeelded,1,1990
"stuffe,",1,1991
"these,",1,1992
sayings,1,1993
(being,1,1994
bold,1,1995
lottery.,1,1996
"sports,",1,1997
"shakes,",1,1998
worse:,1,1999
lofty,1,2000
romane,1,2001
"roar'd,",1,2002
consorted,1,2003
prouidence,1,2004
melteth,1,2005
sort;,1,2006
mischieuous;,1,2007
of:,1,2008
tradesmans,1,2009
lowly,1,2010
indeede,1,2011
proud,1,2012
ouer-earnest,1,2013
shouting,1,2014
mee,1,2015
oath.,1,2016
"inforced,",1,2017
"truely,",1,2018
"vttermost,",1,2019
forgets,1,2020
praying,1,2021
enlarge,1,2022
nice,1,2023
shout?,1,2024
2.sold.,1,2025
"reade,",1,2026
"vnborne,",1,2027
did.,1,2028
fiue,1,2029
damned,1,2030
whisper,1,2031
her:,1,2032
lacks,1,2033
seuerally,1,2034
truly:,1,2035
alarum,1,2036
scratch'd,1,2037
country-men:,1,2038
staine,1,2039
"runne,",1,2040
me;,1,2041
"obiects,",1,2042
'twixt,1,2043
indeede;,1,2044
sauage,1,2045
choaked,1,2046
"creature,",1,2047
findes,1,2048
whiles,1,2049
browes:,1,2050
ruines,1,2051
forrest,1,2052
choice,1,2053
smil'd,1,2054
first.,1,2055
"tops,",1,2056
vanish,1,2057
kneele?,1,2058
crimson'd,1,2059
pulling,1,2060
"drawes,",1,2061
"prophesie,",1,2062
fed,1,2063
vnpurged,1,2064
benefit:,1,2065
wheeles?,1,2066
"tinctures,",1,2067
"themselues,",1,2068
purchase,1,2069
"clocke,",1,2070
strings,1,2071
tarrying,1,2072
deriu'd,1,2073
slewe,1,2074
serue,1,2075
"griefes,",1,2076
sign'd,1,2077
betray'd,1,2078
brother:,1,2079
knockes,1,2080
"sacrificers,",1,2081
parthia,1,2082
deare,1,2083
bending,1,2084
madmen,1,2085
"beside,",1,2086
"bones,",1,2087
eruptions,1,2088
kneele;,1,2089
eyes.,1,2090
"heeles,",1,2091
conquerors,1,2092
deeds:,1,2093
aye,1,2094
"philippi,",1,2095
bay'd,1,2096
"doth,",1,2097
"fantasies,",1,2098
"trickes,",1,2099
1599],1,2100
enforced,1,2101
fearefulnesse.,1,2102
consequence;,1,2103
melting,1,2104
"last,",1,2105
"officers,",1,2106
grey,1,2107
recount,1,2108
instigations,1,2109
nobly,1,2110
"together,",1,2111
new-planted,1,2112
warre,1,2113
fasten,1,2114
suffering,1,2115
desiring,1,2116
palme,1,2117
regard,1,2118
compell'd,1,2119
wring,1,2120
parley,1,2121
sacred,1,2122
(caska),1,2123
"princes,",1,2124
birds,1,2125
attaines,1,2126
also.,1,2127
tarquin,1,2128
perceiu'd,1,2129
speeches,1,2130
thou:,1,2131
it;,1,2132
faile,1,2133
constantly,1,2134
tremble.,1,2135
"offence,",1,2136
me),1,2137
stares?,1,2138
vpper,1,2139
where's,1,2140
contribution.,1,2141
perform'd,1,2142
bond,1,2143
tardie,1,2144
glanced,1,2145
madman,1,2146
hands.,1,2147
thrice:,1,2148
permission),1,2149
darke,1,2150
deed?,1,2151
"deafe,",1,2152
ha',1,2153
"sounds,",1,2154
stirr'd,1,2155
sawe,1,2156
seruile,1,2157
office,1,2158
"ordinance,",1,2159
"banish'd,",1,2160
stones,1,2161
tarry,1,2162
shakespeare,1,2163
neats,1,2164
resting,1,2165
quintus.,1,2166
ayre,1,2167
quick,1,2168
wofull,1,2169
vesture,1,2170
antony!,1,2171
empty,1,2172
vol.,1,2173
"moone,",1,2174
vexeth,1,2175
wilt.,1,2176
"lady,",1,2177
"wisedom,",1,2178
heads:,1,2179
losse!,1,2180
deuise,1,2181
"omitted,",1,2182
saying,1,2183
"land,",1,2184
dreampt,1,2185
scandall,1,2186
worth;,1,2187
(after,1,2188
meeke,1,2189
watch.,1,2190
cancell,1,2191
"ingag'd,",1,2192
"worst,",1,2193
confounded,1,2194
conceit,1,2195
"formes,",1,2196
mark'd,1,2197
her?,1,2198
foolerie,1,2199
summes,1,2200
"tyrants,",1,2201
dum,1,2202
letter.,1,2203
wast,1,2204
"certaine,",1,2205
"apes,",1,2206
deceitfull,1,2207
stretch,1,2208
disturbed,1,2209
embrace,1,2210
vttered,1,2211
seale:,1,2212
oathes,1,2213
"fantasie,",1,2214
foote:,1,2215
(good,1,2216
"dagger,",1,2217
"hie,",1,2218
"genius,",1,2219
tell-tale.,1,2220
sardians;,1,2221
not'st,1,2222
acrosse,1,2223
suffers,1,2224
displeas'd,1,2225
"sit,",1,2226
"spoiles,",1,2227
teach,1,2228
epicurus,1,2229
"willes,",1,2230
"rude,",1,2231
"yee,",1,2232
foorth.,1,2233
mightier,1,2234
girle:,1,2235
grasped,1,2236
windowes,1,2237
vanishest.,1,2238
"alreadie,",1,2239
"boldly,",1,2240
glow,1,2241
"bosomes,",1,2242
"which,",1,2243
"arm'd,",1,2244
gold:,1,2245
searching,1,2246
"safe,",1,2247
hoe,1,2248
mes.,1,2249
perillous,1,2250
"outlarie,",1,2251
paid,1,2252
moou'd:,1,2253
ceremonies,1,2254
"women,",1,2255
waspish,1,2256
throwing,1,2257
"sea,",1,2258
apparrell,1,2259
cryedst,1,2260
lena,1,2261
"cride,",1,2262
warnings,1,2263
performance,1,2264
hideous,1,2265
cicero?,1,2266
con'd,1,2267
walles,1,2268
silence.,1,2269
"arme,",1,2270
"laugh,",1,2271
vowes,1,2272
incenses,1,2273
concluded,1,2274
winds,1,2275
how:,1,2276
forgaue,1,2277
"hearse,",1,2278
bowle,1,2279
browes,1,2280
rule,1,2281
heap'd,1,2282
rabblement,1,2283
heares,1,2284
health:,1,2285
reares,1,2286
gamesom:,1,2287
lose,1,2288
"wonder,",1,2289
humour?,1,2290
"absence,",1,2291
"augurers,",1,2292
terrible.,1,2293
redder,1,2294
puts,1,2295
labio,1,2296
creatures,1,2297
rudenesse,1,2298
louing:,1,2299
talk'd,1,2300
"prisoner,",1,2301
showt.,1,2302
chew,1,2303
butchers,1,2304
"pipes,",1,2305
"breath,",1,2306
"throw,",1,2307
friend:,1,2308
generals;,1,2309
"louer,",1,2310
"stirre,",1,2311
rites,1,2312
then?,1,2313
"sicke,",1,2314
strew,1,2315
countrey?,1,2316
"ayme,",1,2317
reuerence,1,2318
shew:,1,2319
young,1,2320
y'haue,1,2321
asse,1,2322
keepes,1,2323
"hatch'd,",1,2324
counsell.,1,2325
loosing,1,2326
face:,1,2327
asleepe?,1,2328
"confesse,",1,2329
neuer:,1,2330
"sleepe,",1,2331
murther,1,2332
coniur'd,1,2333
whisper.,1,2334
when?,1,2335
"prostrate,",1,2336
vnkindely,1,2337
hisse,1,2338
case,1,2339
matters;,1,2340
grauity,1,2341
split,1,2342
"stoope,",1,2343
"sport,",1,2344
repaire,1,2345
"stare,",1,2346
errands:,1,2347
"high,",1,2348
"patient,",1,2349
caesar),1,2350
games,1,2351
nobler,1,2352
butchers.,1,2353
marr'd,1,2354
"south,",1,2355
noble:,1,2356
commoners,1,2357
piercing,1,2358
mood,1,2359
doo't,1,2360
yeare.,1,2361
temper'd,1,2362
faine,1,2363
"gaze,",1,2364
discouered,1,2365
ascend:,1,2366
search,1,2367
[the,1,2368
yeeres,1,2369
portia?,1,2370
compasse.,1,2371
images,1,2372
trophees:,1,2373
hurle,1,2374
holyday?,1,2375
presence,1,2376
come.,1,2377
arm'd,1,2378
elements,1,2379
house.,1,2380
"diuided,",1,2381
menace,1,2382
fortunate:,1,2383
earth:,1,2384
flatterer.,1,2385
legacie,1,2386
tongue-tyed,1,2387
how-euer,1,2388
traitors:,1,2389
musicke?,1,2390
thought.,1,2391
showted,1,2392
hee.,1,2393
vanquish'd,1,2394
praising,1,2395
"meales,",1,2396
angel.,1,2397
beest,1,2398
has,1,2399
suppe,1,2400
"base,",1,2401
neere?,1,2402
"cried,",1,2403
contriue.,1,2404
likes:,1,2405
thinking,1,2406
maske,1,2407
lowlynesse,1,2408
clapp'd,1,2409
i'th',1,2410
asleepe:,1,2411
"vnder-goe,",1,2412
impatient,1,2413
scarffes,1,2414
streets.,1,2415
"foote,",1,2416
ore-sway,1,2417
bloods.,1,2418
tongue),1,2419
"calculate,",1,2420
confesse,1,2421
"co[m]monwealth,",1,2422
claudio,1,2423
enough.,1,2424
northerne,1,2425
litter'd,1,2426
"flourish,",1,2427
ordered,1,2428
gates,1,2429
alone.,1,2430
"bastardie,",1,2431
cynicke,1,2432
apparant,1,2433
addition,1,2434
messengers,1,2435
defiance,1,2436
honourable.,1,2437
"strife,",1,2438
saide,1,2439
offices,1,2440
flattered.,1,2441
walking,1,2442
"obseruer,",1,2443
"neigh,",1,2444
"tremble,",1,2445
"study,",1,2446
swim,1,2447
presents,1,2448
ivlivs,1,2449
buy,1,2450
passion,1,2451
catching,1,2452
lena?,1,2453
"honourable,",1,2454
fauour.,1,2455
describ'd,1,2456
captiue,1,2457
hence.,1,2458
gentler,1,2459
honourably:,1,2460
speede,1,2461
foot,1,2462
senate.,1,2463
"clitus,",1,2464
come;,1,2465
fawning:,1,2466
"leaue,",1,2467
hidden,1,2468
whet,1,2469
"earth,",1,2470
doubt;,1,2471
conspiracie.,1,2472
eagles,1,2473
"rhewmy,",1,2474
mace,1,2475
danke,1,2476
stabb'd,1,2477
bow'd,1,2478
et,1,2479
guilty,1,2480
clouds:,1,2481
progresse,1,2482
"yeeres,",1,2483
elephants,1,2484
smile;,1,2485
tent:,1,2486
"holes,",1,2487
"bend,",1,2488
practice,1,2489
blowes:,1,2490
villaines,1,2491
appear'd,1,2492
womens,1,2493
extremities:,1,2494
crying,1,2495
"pulpits,",1,2496
birth-day:,1,2497
meate,1,2498
"march,",1,2499
"phantasma,",1,2500
digest,1,2501
improue,1,2502
demand,1,2503
acting,1,2504
"proofe,",1,2505
"grone,",1,2506
"ring,",1,2507
foule,1,2508
reades,1,2509
affrighted:,1,2510
sound.,1,2511
"rites,",1,2512
tane.,1,2513
beginning,1,2514
throng,1,2515
"a-float,",1,2516
"antonio,",1,2517
bleede,1,2518
handy-worke,1,2519
"hee,",1,2520
"howted,",1,2521
millions,1,2522
guesse,1,2523
"ripe,",1,2524
this;,1,2525
powers;,1,2526
tearmes,1,2527
beside,1,2528
thus?,1,2529
bay,1,2530
showts?,1,2531
cumber,1,2532
brother?,1,2533
owe,1,2534
effect,1,2535
hatefull,1,2536
sleep'st,1,2537
"writings,",1,2538
leades,1,2539
might:,1,2540
squeale,1,2541
"calender,",1,2542
his.,1,2543
thicke.,1,2544
affection:,1,2545
kingly,1,2546
wrongs:,1,2547
children.,1,2548
moneths,1,2549
gracious,1,2550
"sparkes,",1,2551
darknesse,1,2552
surgeon,1,2553
seat,1,2554
march?,1,2555
current,1,2556
lucius?,1,2557
stoop,1,2558
courage;,1,2559
you;,1,2560
hye,1,2561
thigh:,1,2562
swore,1,2563
"countrey-men,",1,2564
sennit.,1,2565
"train'd,",1,2566
"speech,",1,2567
wait,1,2568
antonio's,1,2569
mistook,1,2570
naughty,1,2571
"ingratitude,",1,2572
orchard.,1,2573
cogitations.,1,2574
proues,1,2575
gouerne,1,2576
mayest,1,2577
worthy;,1,2578
flames,1,2579
pompey;,1,2580
sicken,1,2581
shouted,1,2582
feele,1,2583
hangs,1,2584
afear'd,1,2585
"another,",1,2586
reuiuing,1,2587
does;,1,2588
"immortall,",1,2589
"foolerie,",1,2590
heeles,1,2591
leane.,1,2592
strong:,1,2593
sisters,1,2594
oct.,1,2595
tapers.,1,2596
"liu'd,",1,2597
slumber:,1,2598
"action,",1,2599
"leade,",1,2600
"villaines,",1,2601
"hope,",1,2602
"her,",1,2603
aside.,1,2604
forgot,1,2605
dimme,1,2606
vpon.,1,2607
with-holds,1,2608
crept,1,2609
flye.,1,2610
plucking,1,2611
banish'd,1,2612
feete;,1,2613
name's,1,2614
prick'd,1,2615
flattery,1,2616
wrathfully:,1,2617
corporall,1,2618
feeds,1,2619
"sight,",1,2620
batchellour?,1,2621
sirrah:,1,2622
standing.,1,2623
agree:,1,2624
"natures,",1,2625
dumbe,1,2626
wee,1,2627
repeale,1,2628
"father'd,",1,2629
regions:,1,2630
engendred,1,2631
companies,1,2632
busie,1,2633
"warning,",1,2634
caska;,1,2635
three-fold,1,2636
assur'd,1,2637
cursed,1,2638
mortified,1,2639
spouts,1,2640
knowne,1,2641
chidden,1,2642
bayed,1,2643
wife.,1,2644
space,1,2645
intermit,1,2646
"content,",1,2647
"troopes,",1,2648
remain'd,1,2649
hoe?,1,2650
shreeking.,1,2651
moe,1,2652
"deeds,",1,2653
stoope,1,2654
rascall,1,2655
wreath,1,2656
"doublet,",1,2657
cup:,1,2658
addrest:,1,2659
sake,1,2660
pluto's,1,2661
fill:,1,2662
narrow:,1,2663
dogges,1,2664
promis'd,1,2665
affabilitie:,1,2666
lippes,1,2667
lane,1,2668
"orchards,",1,2669
expounded,1,2670
1.sold.,1,2671
souldier:,1,2672
indifferent,1,2673
indifferently:,1,2674
spouting,1,2675
weakenesse,1,2676
hates,1,2677
children,1,2678
bond-man:,1,2679
straight:,1,2680
batchellor,1,2681
drops:,1,2682
safely,1,2683
fauour,1,2684
prisoner.,1,2685
wing:,1,2686
money,1,2687
instrument?,1,2688
knee,1,2689
octauius.,1,2690
cobble,1,2691
scorning,1,2692
question?,1,2693
high-sighted-tyranny,1,2694
"oakes,",1,2695
he's,1,2696
seduc'd?,1,2697
illuminate,1,2698
sauing,1,2699
presume,1,2700
grudge,1,2701
aule:,1,2702
selues;,1,2703
sleep'st:,1,2704
will;,1,2705
streetes.,1,2706
hee'l,1,2707
slip,1,2708
alarums,1,2709
met,1,2710
selfe-same,1,2711
"whole,",1,2712
late:,1,2713
sickly,1,2714
scene,1,2715
"staines,",1,2716
rests,1,2717
throw,1,2718
"nod,",1,2719
lowd,1,2720
god,1,2721
"verses,",1,2722
skies,1,2723
"pray,",1,2724
"fearefull,",1,2725
share,1,2726
teeth,1,2727
borne.,1,2728
heart:,1,2729
stage.,1,2730
raw,1,2731
mischeefe,1,2732
therein,1,2733
waited,1,2734
warres,1,2735
cheeke,1,2736
transformed,1,2737
chollericke,1,2738
misconstrued,1,2739
"knock'd,",1,2740
"eate,",1,2741
"ground,",1,2742
flye:,1,2743
sleepe?,1,2744
"marry,",1,2745
smallest,1,2746
"ancestor,",1,2747
"stubborne,",1,2748
"voyd,",1,2749
treason,1,2750
pause,1,2751
women.,1,2752
"thus,",1,2753
street,1,2754
"betimes,",1,2755
"kingdome,",1,2756
slay,1,2757
"limbes,",1,2758
ague,1,2759
fates,1,2760
loue.,1,2761
yon,1,2762
retreat.,1,2763
ranging,1,2764
deaths,1,2765
foote,1,2766
arme,1,2767
"swell,",1,2768
motiues,1,2769
"workman,",1,2770
seuen,1,2771
side,1,2772
pledge.,1,2773
"robe,",1,2774
withal,1,2775
"channell,",1,2776
"citizens,",1,2777
are.,1,2778
holiday?,1,2779
booke,1,2780
another?,1,2781
dispos'd,1,2782
ascended:,1,2783
eyther,1,2784
ore-swell,1,2785
carelesly,1,2786
"shake,",1,2787
(friends),1,2788
blood),1,2789
vexed,1,2790
i'me,1,2791
lyon,1,2792
striue,1,2793
tu,1,2794
fooles?,1,2795
doore.,1,2796
sate,1,2797
arguing,1,2798
prayers,1,2799
"lies,",1,2800
ayre:,1,2801
notwithstanding,1,2802
east:,1,2803
"whereof,",1,2804
compare,1,2805
disprooue,1,2806
ate,1,2807
repealing,1,2808
pella,1,2809
ha!,1,2810
lookes.,1,2811
strucken,1,2812
rebell,1,2813
houre.,1,2814
day-,1,2815
charractery,1,2816
vndeseruers,1,2817
flowers,1,2818
chopt,1,2819
ranke:,1,2820
portentous,1,2821
straite,1,2822
scolding,1,2823
assemble,1,2824
better?,1,2825
gentlenesse,1,2826
selues.,1,2827
costly,1,2828
lepidus.,1,2829
"cowardly,",1,2830
"temper'd,",1,2831
"lesse,",1,2832
swimme,1,2833
things:,1,2834
protester:,1,2835
praise,1,2836
(till,1,2837
"aside,",1,2838
stretcht,1,2839
sunne:,1,2840
valour,1,2841
cals,1,2842
blow,1,2843
carkasse,1,2844
swound?,1,2845
humor,1,2846
streetes;,1,2847
weepe:,1,2848
carpenter,1,2849
euerie,1,2850
knocke.,1,2851
see;,1,2852
vnluckily,1,2853
"morrow,",1,2854
torrent,1,2855
strike?,1,2856
sake?,1,2857
"toyles,",1,2858
omnes.,1,2859
shout,1,2860
earely,1,2861
posture,1,2862
mender,1,2863
"bowels,",1,2864
carries,1,2865
"harlot,",1,2866
slighted,1,2867
obscurely,1,2868
guard,1,2869
welcome.,1,2870
mourn'd,1,2871
place:,1,2872
neruij.,1,2873
morning?,1,2874
scope:,1,2875
"hill,",1,2876
"thine,",1,2877
shop,1,2878
action;,1,2879
latest,1,2880
wer't,1,2881
firmament.,1,2882
"difference,",1,2883
vngentle,1,2884
offer,1,2885
tempest-dropping-fire.,1,2886
wel-beloued,1,2887
walk,1,2888
forgetfull.,1,2889
"senate,",1,2890
heauens:,1,2891
"counsels,",1,2892
"fixt,",1,2893
lucillius.,1,2894
streets;,1,2895
spectacle!,1,2896
"old,",1,2897
battaile?,1,2898
vs),1,2899
troopes,1,2900
kindnesse.,1,2901
dy,1,2902
"companion,",1,2903
friends.,1,2904
"promise,",1,2905
consider:,1,2906
"councell,",1,2907
sayst,1,2908
dyed,1,2909
"sacrifice,",1,2910
kneele,1,2911
day?,1,2912
conference.,1,2913
winters,1,2914
wretched,1,2915
farthest,1,2916
may;,1,2917
"couetous,",1,2918
degrees,1,2919
"peeces,",1,2920
deerely,1,2921
(alas),1,2922
enuious.,1,2923
hand;,1,2924
"wing,",1,2925
bond-man,1,2926
belou'd,1,2927
yeelds,1,2928
enemies?,1,2929
dreame:,1,2930
"coarse,",1,2931
tertius.,1,2932
worst,1,2933
alasse,1,2934
"spoke,",1,2935
appear,1,2936
"bankes,",1,2937
seal'd,1,2938
demeanor,1,2939
wise,1,2940
chasticement,1,2941
brutus),1,2942
know'st,1,2943
whizzing,1,2944
"sake,",1,2945
burneth,1,2946
bigge:,1,2947
"theatre,",1,2948
mischiefe,1,2949
shell.,1,2950
"weake,",1,2951
reason?,1,2952
eares;,1,2953
prou'd,1,2954
boy),1,2955
pleasures:,1,2956
oh,1,2957
deckt,1,2958
confidence:,1,2959
free?,1,2960
a-nights,1,2961
ho:,1,2962
peoples,1,2963
sland'rous,1,2964
strife,1,2965
early,1,2966
necessities,1,2967
peepe,1,2968
"wrongs,",1,2969
flint,1,2970
adde,1,2971
deepe,1,2972
"beares,",1,2973
(among,1,2974
"conference,",1,2975
reueng'd:,1,2976
quality,1,2977
"graues,",1,2978
discourse,1,2979
mention,1,2980
"foame,",1,2981
"yong-man,",1,2982
recreate,1,2983
purpose.,1,2984
"gentlemen,",1,2985
funerall:,1,2986
seek,1,2987
brook'd,1,2988
"gentle,",1,2989
constant:,1,2990
"begg'd,",1,2991
valour:,1,2992
"bondmen,",1,2993
"assembly,",1,2994
"dreames,",1,2995
there:,1,2996
burnes.,1,2997
passe.,1,2998
infranchisement,1,2999
rome:,1,3000
cleane,1,3001
qualitie,1,3002
hopes,1,3003
vnnumbred,1,3004
brute?,1,3005
former,1,3006
hand:,1,3007
troubled,1,3008
pure,1,3009
"cloakes,",1,3010
followed,1,3011
opening,1,3012
ingratitude,1,3013
wholsome,1,3014
"bath'd,",1,3015
drawes,1,3016
beat,1,3017
powres,1,3018
rated,1,3019
kil'st,1,3020
threaten'd,1,3021
"reliques,",1,3022
"school-boy,",1,3023
establish,1,3024
wrought,1,3025
touching,1,3026
impart,1,3027
you'l,1,3028
"sutor,",1,3029
astonish,1,3030
"where,",1,3031
decline.,1,3032
"passion,",1,3033
"couer'd,",1,3034
"signifies,",1,3035
how?,1,3036
"beare,",1,3037
a-part,1,3038
rumor,1,3039
"caius,",1,3040
ventures,1,3041
acted,1,3042
mouths,1,3043
attendants,1,3044
"smoake,",1,3045
sounded,1,3046
in:,1,3047
cymber?,1,3048
dye.,1,3049
faint:,1,3050
"practice,",1,3051
wounds,1,3052
"augmented,",1,3053
"faithfull,",1,3054
napkins,1,3055
sawce,1,3056
"portents,",1,3057
crowne?,1,3058
"pulpit,",1,3059
them?,1,3060
sway,1,3061
simple,1,3062
fatter;,1,3063
(at,1,3064
"rauens,",1,3065
that:,1,3066
glories,1,3067
wake,1,3068
vnknowne;,1,3069
king:,1,3070
ocean,1,3071
drawing,1,3072
brauery:,1,3073
wafter,1,3074
meddle,1,3075
fooles,1,3076
produce,1,3077
thither,1,3078
(boy),1,3079
furnish'd,1,3080
perils,1,3081
"feathers,",1,3082
burst,1,3083
flame,1,3084
waues,1,3085
eternall,1,3086
worke.,1,3087
hats,1,3088
think,1,3089
vniuersall,1,3090
"fray,",1,3091
calles,1,3092
natiue,1,3093
befall.,1,3094
hounds:,1,3095
prize,1,3096
(deere,1,3097
royall,1,3098
banquetting,1,3099
liuing;,1,3100
"fatall,",1,3101
suburbs,1,3102
soundlesse,1,3103
amaze,1,3104
"aeneas,",1,3105
"fly,",1,3106
off.,1,3107
prouender.,1,3108
slept.,1,3109
"mine,",1,3110
"memory,",1,3111
wrath,1,3112
palme?,1,3113
"proscription,",1,3114
compell,1,3115
"defence,",1,3116
desir'd,1,3117
ioy,1,3118
"iust,",1,3119
take:,1,3120
"his,",1,3121
"necessary,",1,3122
"head,",1,3123
"loads,",1,3124
face?,1,3125
testament:,1,3126
sheath,1,3127
greeuously,1,3128
truely,1,3129
appetite,1,3130
inflame,1,3131
sir:,1,3132
mixt,1,3133
italy,1,3134
"silent,",1,3135
pleasing,1,3136
"horse,",1,3137
"might,",1,3138
mo,1,3139
"mothers,",1,3140
ground?,1,3141
augurers?,1,3142
bonds,1,3143
leane,1,3144
worthles,1,3145
preuayl'd,1,3146
pittifull:,1,3147
rankes,1,3148
"neede,",1,3149
darts,1,3150
foolish,1,3151
playes,1,3152
cassius;,1,3153
ears:,1,3154
hungry,1,3155
locke,1,3156
liu'd,1,3157
ayme:,1,3158
encourag'd:,1,3159
enough:,1,3160
droppes,1,3161
course?,1,3162
"soft,",1,3163
cyn.,1,3164
runnes,1,3165
"palme,",1,3166
hoe:,1,3167
necessary,1,3168
"present,",1,3169
"wit,",1,3170
"sufferance,",1,3171
drowsily?,1,3172
liberties.,1,3173
foam'd,1,3174
cushions,1,3175
growes,1,3176
"remember,",1,3177
banished:,1,3178
fields:,1,3179
iigging,1,3180
traitor,1,3181
"added,",1,3182
chance:,1,3183
encreaseth,1,3184
temper,1,3185
"crowes,",1,3186
vseth,1,3187
finis.,1,3188
"senses,",1,3189
"seuen,",1,3190
dip,1,3191
"instances,",1,3192
ancestors;,1,3193
security,1,3194
"anger,",1,3195
"youths,",1,3196
offences,1,3197
serues,1,3198
"drachmaes,",1,3199
"instrument,",1,3200
remaines,1,3201
"wish,",1,3202
"thewes,",1,3203
"steele,",1,3204
thirsty,1,3205
walls,1,3206
pul'd,1,3207
liued,1,3208
"oration,",1,3209
forth.,1,3210
"glasse,",1,3211
"cheere,",1,3212
good-night,1,3213
fine,1,3214
"bee,",1,3215
droppes.,1,3216
throat,1,3217
bondmen,1,3218
vow,1,3219
blew,1,3220
pocket,1,3221
"satisfaction,",1,3222
"free-man,",1,3223
shrewdly,1,3224
alliance,1,3225
ghosts,1,3226
entreat,1,3227
bright,1,3228
head:,1,3229
abler,1,3230
layest,1,3231
"chace,",1,3232
noise,1,3233
glaz'd,1,3234
receiued,1,3235
"clymate,",1,3236
otherwise,1,3237
thaw'd,1,3238
"chides,",1,3239
neerer.,1,3240
shake:,1,3241
looking,1,3242
thorow,1,3243
citizen,1,3244
shapes,1,3245
"weepe,",1,3246
stole,1,3247
"curre,",1,3248
hie,1,3249
beaten,1,3250
time;,1,3251
strawes.,1,3252
tempted,1,3253
he.,1,3254
contaminate,1,3255
harme's,1,3256
"fingers,",1,3257
rule?,1,3258
blaze,1,3259
charme,1,3260
reueller,1,3261
buffet,1,3262
times.,1,3263
stay?,1,3264
voluntary,1,3265
foure,1,3266
abridg'd,1,3267
spleene,1,3268
"frighted,",1,3269
"light,",1,3270
"kinde,",1,3271
too.,1,3272
ouerthrow:,1,3273
prodigious,1,3274
error,1,3275
disposing,1,3276
miseries.,1,3277
ouerthrowne,1,3278
salutation,1,3279
lodge,1,3280
appearing,1,3281
"causes,",1,3282
"closet,",1,3283
"deere,",1,3284
did'st:,1,3285
errand,1,3286
one),1,3287
trade?,1,3288
"laments,",1,3289
outward,1,3290
"occupation,",1,3291
dayes.,1,3292
condition,1,3293
dreames.,1,3294
bang,1,3295
pit:,1,3296
wrangle.,1,3297
fortunes,1,3298
straine,1,3299
friends:,1,3300
lustre:,1,3301
amaz'd:,1,3302
large,1,3303
sober,1,3304
cal.,1,3305
tag-ragge,1,3306
oft?,1,3307
softly,1,3308
"pearch'd,",1,3309
"battlements,",1,3310
fright,1,3311
"yawn'd,",1,3312
courtesies,1,3313
soothsayer:,1,3314
healthfull,1,3315
iust,1,3316
dy'd,1,3317
appoint,1,3318
"insupportable,",1,3319
subiect,1,3320
wenches,1,3321
betimes,1,3322
basis,1,3323
sort,1,3324
truth:,1,3325
look'd,1,3326
betwixt,1,3327
an't,1,3328
report,1,3329
"hauocke,",1,3330
cinna?,1,3331
"quality,",1,3332
stolne,1,3333
"diuell,",1,3334
ruby,1,3335
vnderstood,1,3336
afterwards:,1,3337
ease,1,3338
loath,1,3339
out:,1,3340
"smiling,",1,3341
ore-watch'd.,1,3342
siluer,1,3343
"kill,",1,3344
robbers:,1,3345
captiuitie,1,3346
place.,1,3347
"growne,",1,3348
sensible,1,3349
break.,1,3350
tis,1,3351
arriu'd:,1,3352
tut,1,3353
party-,1,3354
"masker,",1,3355
die,1,3356
dine,1,3357
carrion,1,3358
"couchings,",1,3359
misgiuing,1,3360
be?,1,3361
signified,1,3362
"proscriptions,",1,3363
effect?,1,3364
entrailes.,1,3365
vnmeritable,1,3366
men?,1,3367
putting,1,3368
"reflection,",1,3369
"die,",1,3370
villaines!,1,3371
"dungeon,",1,3372
enfranchisement,1,3373
rime?,1,3374
neither.,1,3375
repose,1,3376
conceptions,1,3377
whom,1,3378
besmeare,1,3379
visage?,1,3380
"bloody,",1,3381
offall?,1,3382
body.,1,3383
haile:,1,3384
petition,1,3385
players,1,3386
lest,1,3387
wasted,1,3388
"legges,",1,3389
helpe,1,3390
chasticement?,1,3391
lowe,1,3392
hearing,1,3393
"barres,",1,3394
cobler,1,3395
veyl'd,1,3396
"doore,",1,3397
"children,",1,3398
cautelous,1,3399
"one,",1,3400
stomacke,1,3401
charges,1,3402
dismember,1,3403
enemy?,1,3404
"long,",1,3405
"vision,",1,3406
captiues,1,3407
pleasures,1,3408
formall,1,3409
rome.,1,3410
lamented,1,3411
newes,1,3412
crown'd:,1,3413
musicke,1,3414
"familiar,",1,3415
mettle:,1,3416
prepar'd,1,3417
"fault,",1,3418
hilles,1,3419
pleasure,1,3420
publius?,1,3421
"field,",1,3422
ruffle,1,3423
dishonourable,1,3424
choak'd,1,3425
sham'st,1,3426
"excepted,",1,3427
euer:,1,3428
i'th,1,3429
clouds,1,3430
presented,1,3431
generall?,1,3432
befriend,1,3433
hackt,1,3434
againe.,1,3435
sheepe:,1,3436
accents,1,3437
maisters!,1,3438
"distract,",1,3439
"giues,",1,3440
4.ple.,1,3441
meditates,1,3442
sterner,1,3443
exigent,1,3444
"enemies,",1,3445
eating,1,3446
worships,1,3447
petitions,1,3448
thunder-stone:,1,3449
request,1,3450
modestly,1,3451
vs'd,1,3452
greeu'd,1,3453
behauiours:,1,3454
"nature,",1,3455
desires;,1,3456
east,1,3457
"crests,",1,3458
march.,1,3459
appertaine,1,3460
cryed,1,3461
censure,1,3462
"shallowes,",1,3463
"iron,",1,3464
discomfort,1,3465
faults.,1,3466
mad?,1,3467
attempt,1,3468
"goe,",1,3469
swallow'd,1,3470
brau'd,1,3471
"rubbish,",1,3472
"mirth,",1,3473
heart!,1,3474
craues,1,3475
custome,1,3476
repayre,1,3477
dar'st,1,3478
coniure,1,3479
hope,1,3480
slaues;,1,3481
doers.,1,3482
warie,1,3483
"howre,",1,3484
lambe,1,3485
limbes:,1,3486
"honesty,",1,3487
villains:,1,3488
hast.,1,3489
"dreamer,",1,3490
"full,",1,3491
dis-ioynes,1,3492
couert,1,3493
leuying,1,3494
sent,1,3495
"comming,",1,3496
thirtie,1,3497
"leather,",1,3498
dyes.,1,3499
make.,1,3500
"ransomes,",1,3501
"billow,",1,3502
swet,1,3503
meerely,1,3504
beads,1,3505
driues,1,3506
turning,1,3507
"neuer,",1,3508
groane,1,3509
meanes:,1,3510
"lines,",1,3511
words?,1,3512
vnkindnesse,1,3513
sicknesse.,1,3514
iudge,1,3515
worthier,1,3516
hides,1,3517
"pitch,",1,3518
now),1,3519
hollow,1,3520
"arises,",1,3521
proclaime,1,3522
"walkes,",1,3523
vppe,1,3524
flourish,1,3525
lethee.,1,3526
downe?,1,3527
"yeeld,",1,3528
then.,1,3529
quartus.,1,3530
secret,1,3531
"goes,",1,3532
'em:,1,3533
"roares,",1,3534
offended,1,3535
yesternight,1,3536
wayes,1,3537
"obseru'd,",1,3538
hang'd,1,3539
"senate-house,",1,3540
other;,1,3541
"dardanius,",1,3542
spirit:,1,3543
"loines,",1,3544
musicke;,1,3545
liefe,1,3546
dinner,1,3547
charge.,1,3548
property:,1,3549
"fountaine,",1,3550
satisfie,1,3551
infirmitie.,1,3552
"toucht,",1,3553
minded,1,3554
"throng,",1,3555
"hell,",1,3556
bequeathing,1,3557
dang'rous,1,3558
receiu'd,1,3559
beggers,1,3560
"shout,",1,3561
yours?,1,3562
bootlesse,1,3563
chance-,1,3564
wearie,1,3565
suffered,1,3566
funerals,1,3567
"neere,",1,3568
sought,1,3569
shrew'd,1,3570
primus.,1,3571
descend,1,3572
fam'd,1,3573
"pawse,",1,3574
"thoughts,",1,3575
"shew,",1,3576
noted,1,3577
"trees,",1,3578
besides,1,3579
do),1,3580
"lightens,",1,3581
"fires,",1,3582
found.,1,3583
bribes,1,3584
countrymen:,1,3585
slaying,1,3586
prodigies,1,3587
"a-foot,",1,3588
"apron,",1,3589
houres,1,3590
varrus,1,3591
"cry,",1,3592
long?,1,3593
"arbors,",1,3594
compact,1,3595
flatterers?,1,3596
"arts,",1,3597
"hounds,",1,3598
sirra:,1,3599
formost,1,3600
behinde,1,3601
faith:,1,3602
post,1,3603
"shame,",1,3604
limbes,1,3605
abuse,1,3606
"cruell,",1,3607
replication,1,3608
vnfirme?,1,3609
depend,1,3610
fifteene,1,3611
all;,1,3612
spare,1,3613
spectacle:,1,3614
tharsus,1,3615
chanc'd:,1,3616
returne,1,3617
becomes,1,3618
caska's;,1,3619
"sodaine,",1,3620
warre:,1,3621
domesticke,1,3622
enuious,1,3623
safety,1,3624
dead;,1,3625
muffling,1,3626
"faculties,",1,3627
sodainly,1,3628
shooke,1,3629
liable,1,3630
"louers,",1,3631
dwelling:,1,3632
heere;,1,3633
mouth-,1,3634
"smile,",1,3635
fear'd,1,3636
taking,1,3637
brim,1,3638
vnicornes,1,3639
"fauors,",1,3640
gray-beards,1,3641
"sinewes,",1,3642
weigh,1,3643
flauio,1,3644
scorn'd,1,3645
"sleeue,",1,3646
wel,1,3647
dies,1,3648
heyres,1,3649
hony-heauy-dew,1,3650
contagion,1,3651
holyday,1,3652
"horsemen,",1,3653
haires,1,3654
lupercall,1,3655
"villager,",1,3656
"musing,",1,3657
"letter,",1,3658
meditating,1,3659
contriuer.,1,3660
"tempests,",1,3661
"disconsolate,",1,3662
"courtesie,",1,3663
"sort,",1,3664
counters,1,3665
mooue,1,3666
"iulius,",1,3667
history:,1,3668
"learn'd,",1,3669
foe,1,3670
"thunder,",1,3671
vpon's:,1,3672
older,1,3673
"rise,",1,3674
submitting,1,3675
vaunting,1,3676
brutus!,1,3677
philosophy,1,3678
doomesday,1,3679
fawn'd,1,3680
"steeds,",1,3681
"arose,",1,3682
threw,1,3683
path,1,3684
drawne,1,3685
stab'd,1,3686
one?,1,3687
partake,1,3688
whole,1,3689
hurtled,1,3690
honours,1,3691
conioyntly,1,3692
"stake,",1,3693
rocke,1,3694
dam,1,3695
"sutors,",1,3696
enioy,1,3697
"greatnesse,",1,3698
inroll'd,1,3699
marrie:,1,3700
view,1,3701
factious,1,3702
sea,1,3703
"stretcht,",1,3704
armies,1,3705
shrieke,1,3706
feauer,1,3707
stricken,1,3708
gently,1,3709
powers.,1,3710
leaue?,1,3711
puisant,1,3712
reflection;,1,3713
losses,1,3714
"encounter,",1,3715
buzzing,1,3716
grug'd,1,3717
sleepe;,1,3718
seate,1,3719
"presse,",1,3720
liuing.,1,3721
"porch,",1,3722
husbanded?,1,3723
garland,1,3724
sirs:,1,3725
"night-cappes,",1,3726
"treasure,",1,3727
bird,1,3728
ingrafted,1,3729
naked,1,3730
husbands,1,3731
dyes,1,3732
gone?,1,3733
"dangerous,",1,3734
sirra,1,3735
vnkindest,1,3736
iustice?,1,3737
through:,1,3738
"reuenge,",1,3739
curtesie.,1,3740
"bond,",1,3741
purpled,1,3742
dismisse,1,3743
coine,1,3744
instantly,1,3745
"closset,",1,3746
soyle,1,3747
torches,1,3748
quartered,1,3749
loues?,1,3750
respect:,1,3751
strikes.,1,3752
"adder,",1,3753
"victorie,",1,3754
"heires,",1,3755
yoaked,1,3756
falser:,1,3757
faith.,1,3758
grant.,1,3759
knottie,1,3760
mocke,1,3761
sham'd.,1,3762
hastie,1,3763
"friendly,",1,3764
vnshak'd,1,3765
"torch-light,",1,3766
"answered,",1,3767
sooth-sayer,1,3768
opinions,1,3769
you),1,3770
abuse;,1,3771
delay,1,3772
liue-long,1,3773
reading?,1,3774
"lippes,",1,3775
answere,1,3776
remorse,1,3777
masters?,1,3778
erebus,1,3779
"bookes,",1,3780
"low-crooked-curtsies,",1,3781
"glasses,",1,3782
is?,1,3783
reuels,1,3784
"driuen,",1,3785
"extenuated,",1,3786
"thunder-bolts,",1,3787
a-while?,1,3788
entreated,1,3789
sleeke-headed,1,3790
shooes:,1,3791
answering,1,3792
element,1,3793
particle,1,3794
"error,",1,3795
vnscorch'd.,1,3796
doth:,1,3797
sowre,1,3798
"euen,",1,3799
touched,1,3800
firebrands:,1,3801
"playes,",1,3802
disposed,1,3803
"thrice,",1,3804
ligarius,1,3805
ruddy,1,3806
"bed,",1,3807
list,1,3808
"incertaine,",1,3809
"stabb'd,",1,3810
watchfull,1,3811
a-nights:,1,3812
mak'st,1,3813
gastly,1,3814
petty,1,3815
iades,1,3816
limbe,1,3817
shadow:,1,3818
forme:,1,3819
anchyses,1,3820
quarrell,1,3821
vtter,1,3822
"dangers,",1,3823
plunged,1,3824
recounts,1,3825
should:,1,3826
houses.,1,3827
these?,1,3828
bribes?,1,3829
brothers,1,3830
"early,",1,3831
cowardice:,1,3832
"render'd,",1,3833
"fortunate,",1,3834
"stood,",1,3835
"peazants,",1,3836
heare:,1,3837
weighing,1,3838
sterrile,1,3839
rob,1,3840
spake,1,3841
soule,1,3842
richer,1,3843
predictions,1,3844
driue,1,3845
allow'd,1,3846
lordship,1,3847
enclosed,1,3848
"triumphes,",1,3849
rent,1,3850
imitations.,1,3851
know),1,3852
king.,1,3853
attempts.,1,3854
flearing,1,3855
speake.,1,3856
recouer,1,3857
insurrection.,1,3858
bin?,1,3859
crouch,1,3860
childe:,1,3861
waxe,1,3862
vessell,1,3863
gods?,1,3864
mean'st,1,3865
"musicke,",1,3866
wherfore,1,3867
"creatures,",1,3868
"necessitie,",1,3869
pay.,1,3870
familiar,1,3871
watch,1,3872
slippery,1,3873
farther,1,3874
quarter'd:,1,3875
expect,1,3876
sleep'st;,1,3877
benches,1,3878
sir.,1,3879
smatch,1,3880
italy:,1,3881
"load,",1,3882
liuing,1,3883
accidentall,1,3884
patient?,1,3885
amisse,1,3886
knocks:,1,3887
scoena,1,3888
hart.,1,3889
gustie,1,3890
"sure,",1,3891
lepidus?,1,3892
bastard,1,3893
tune:,1,3894
obiects,1,3895
inclos'd.,1,3896
traine;,1,3897
"places,",1,3898
vndone:,1,3899
(by,1,3900
presently.,1,3901
trust,1,3902
ambition?,1,3903
iealous,1,3904
cauerne,1,3905
slaughter,1,3906
speechlesse,1,3907
"tried,",1,3908
capitoll.,1,3909
"silence,",1,3910
awake.,1,3911
"mid-night,",1,3912
whit,1,3913
dreamt,1,3914
"softly,",1,3915
colour,1,3916
could'st,1,3917
"sometime,",1,3918
secundus.,1,3919
"yonder,",1,3920
melancholies,1,3921
"demand,",1,3922
"fierie,",1,3923
sex,1,3924
foole,1,3925
stonie,1,3926
scedule,1,3927
"propos'd,",1,3928
hibla,1,3929
showting?,1,3930
men:,1,3931
tongue:,1,3932
tyrannie,1,3933
blood?,1,3934
"taught,",1,3935
sutors,1,3936
"noone-day,",1,3937
canopy,1,3938
numbers:,1,3939
sometimes?,1,3940
water.,1,3941
heauie,1,3942
greeting,1,3943
age.,1,3944
humour.,1,3945
reme[m]ber:,1,3946
refuse.,1,3947
cooling:,1,3948
thorough,1,3949
insuppressiue,1,3950
comets,1,3951
body:,1,3952
horses,1,3953
statillius,1,3954
tributaries,1,3955
intrailes,1,3956
tyrants,1,3957
mount,1,3958
"swet,",1,3959
"powers,",1,3960
vouchsafe,1,3961
far,1,3962
secret.,1,3963
awake:,1,3964
"cloake,",1,3965
fantasie:,1,3966
wander,1,3967
purpos'd,1,3968
"csar,",1,3969
murderers:,1,3970
master?,1,3971
forgetfull,1,3972
out-liue,1,3973
knockes:,1,3974
twentie,1,3975
lift,1,3976
infus'd,1,3977
mean,1,3978
long.,1,3979
dy'de,1,3980
villaine,1,3981
seruants,1,3982
walking:,1,3983
"worthy,",1,3984
throwes,1,3985
weapons,1,3986
controuersie.,1,3987
immediate,1,3988
shriller,1,3989
entertaine,1,3990
indirection.,1,3991
necke.,1,3992
louer,1,3993
stronger,1,3994
shoulder,1,3995
hole,1,3996
repute,1,3997
flash,1,3998
"partly,",1,3999
inkindled;,1,4000
rawe,1,4001
bidding.,1,4002
"figures,",1,4003
strike,1,4004
beare),1,4005
"thunders,",1,4006
ashamed,1,4007
whilest,1,4008
"praetors,",1,4009
"caesars,",1,4010
windowes?,1,4011
"terrible,",1,4012
"boldest,",1,4013
verses,1,4014
"rout,",1,4015
warriours,1,4016
carue,1,4017
content,1,4018
sawcie,1,4019
womans,1,4020
smiling,1,4021
bouge?,1,4022
honest;,1,4023
wonder,1,4024
"purgers,",1,4025
enterred,1,4026
a-weary,1,4027
first:,1,4028
o're,1,4029
euening,1,4030
hew,1,4031
shores?,1,4032
apparition.,1,4033
supporting,1,4034
witnesse,1,4035
"burne,",1,4036
vp:,1,4037
wont,1,4038
hoping,1,4039
"want,",1,4040
sufficeth,1,4041
while:,1,4042
monarkes,1,4043
graues.,1,4044
doth;,1,4045
popillius?,1,4046
"feede,",1,4047
passions,1,4048
men),1,4049
"starre,",1,4050
arriue,1,4051
horsses,1,4052
"prodigies,",1,4053
heede,1,4054
"fear'd,",1,4055
"royall,",1,4056
"beauty,",1,4057
true:,1,4058
beyond,1,4059
"chaire,",1,4060
"number,",1,4061
meere,1,4062
hugge,1,4063
"ranke,",1,4064
whelped,1,4065
mountaine,1,4066
curre,1,4067
"deaths,",1,4068
incompast,1,4069
chafing,1,4070
"knee,",1,4071
setting,1,4072
julius,1,4073
thus;,1,4074
"greefes,",1,4075
ambition.,1,4076
remaine,1,4077
sell,1,4078
ceremony.,1,4079
"campe,",1,4080
determine,1,4081
obey,1,4082
execution,1,4083
streetes,1,4084
interim,1,4085
once;,1,4086
meane?,1,4087
made:,1,4088
"cry'de,",1,4089
blowes,1,4090
iustice,1,4091
chimney,1,4092
resolution,1,4093
fears,1,4094
peeces,1,4095
"insisted,",1,4096
sutor,1,4097
"ly,",1,4098
"shores,",1,4099
seruice,1,4100
"owne,",1,4101
"respect,",1,4102
"ghosts,",1,4103
"free,",1,4104
conceited:,1,4105
came.,1,4106
olympus?,1,4107
dust?,1,4108
maine,1,4109
porch:,1,4110
"ease,",1,4111
below,1,4112
season,1,4113
br.,1,4114
annoy,1,4115
break'st,1,4116
"dishonor,",1,4117
elders,1,4118
cut:,1,4119
hinder,1,4120
"taste,",1,4121
louest,1,4122
lowe?,1,4123
"person,",1,4124
laught,1,4125
william,1,4126
greeuous,1,4127
"swoonded,",1,4128
receyuing,1,4129
"colossus,",1,4130
day!,1,4131
moued,1,4132
prethee,1,4133
now.,1,4134
car.,1,4135
time.,1,4136
rightly,1,4137
"houre,",1,4138
wounded?,1,4139
wil,1,4140
blest,1,4141
graues,1,4142
touch'd,1,4143
"value,",1,4144
brauely,1,4145
henceforth,1,4146
"apply,",1,4147
retentiue,1,4148
false,1,4149
supper,1,4150
"wiues,",1,4151
deale,1,4152
"lupercall,",1,4153
swell,1,4154
preuent.,1,4155
ore,1,4156
"countenance,",1,4157
shrunke,1,4158
mock'd,1,4159
window;,1,4160
neyther,1,4161
hunters,1,4162
painted,1,4163
moreouer,1,4164
home.,1,4165
women,1,4166
fuller,1,4167
"speede,",1,4168
threat,1,4169
"danger,",1,4170
threats:,1,4171
"know'st,",1,4172
affections,1,4173
friends),1,4174
laugh,1,4175
flood,1,4176
(her,1,4177
hacke,1,4178
false:,1,4179
last.,1,4180
applauses,1,4181
mine's,1,4182
palter?,1,4183
yet?,1,4184
"vouchsafe,",1,4185
"reueng'd,",1,4186
know.,1,4187
"liuing,",1,4188
lying,1,4189
"straight,",1,4190
caius:,1,4191
sides,1,4192
cognisance.,1,4193
leafe,1,4194
fashion),1,4195
"exorcist,",1,4196
bankes,1,4197
roate,1,4198
"witnesse,",1,4199
daughter.,1,4200
heads,1,4201
forc'd,1,4202
voyage,1,4203
(except,1,4204
alwayes,1,4205
quicke,1,4206
"egge,",1,4207
hazards,1,4208
state.,1,4209
bestride,1,4210
know;,1,4211
sardis,1,4212
soundly.,1,4213
free-men?,1,4214
matters,1,4215
pardon.,1,4216
cowards,1,4217
braines,1,4218
thriue:,1,4219
point?,1,4220
bent,1,4221
stomackes.,1,4222
withall,1,4223
commoners.,1,4224
diuell,1,4225
lawfull,1,4226
haue:,1,4227
caska?,1,4228
"wood,",1,4229
"therefore,",1,4230
company,1,4231
kites,1,4232
aueng'd;,1,4233
"wish'd,",1,4234
shores,1,4235
bee'st,1,4236
farwell,1,4237
piece,1,4238
feeding,1,4239
"parchment,",1,4240
aliue.,1,4241
gods:,1,4242
seemes,1,4243
"pardon,",1,4244
3.ple.,1,4245
barke:,1,4246
sits,1,4247
preuaile,1,4248
bring'st,1,4249
testament,1,4250
wisedome:,1,4251
hope:,1,4252
heauens?,1,4253
"point,",1,4254
was),1,4255
reeke,1,4256
"condemn'd,",1,4257
aboue.,1,4258
flourish.,1,4259
"moreouer,",1,4260
infirmities;,1,4261
wisedome,1,4262
"apace,",1,4263
presage.,1,4264
ask'd,1,4265
foes?,1,4266
"helpe,",1,4267
vanished,1,4268
vntyr'd,1,4269
drinkes,1,4270
choller?,1,4271
cull,1,4272
sixe,1,4273
flesh,1,4274
"dropt,",1,4275
metellus;,1,4276
coffers,1,4277
commended,1,4278
"confines,",1,4279
"exhalations,",1,4280
themselues.,1,4281
venom,1,4282
friendship,1,4283
"vtterance,",1,4284
apprehensiue;,1,4285
himselfe?,1,4286
"roome,",1,4287
generall.,1,4288
newes.,1,4289
reades.,1,4290
winde,1,4291
bosome.,1,4292
plague,1,4293
2.ple.,1,4294
discard,1,4295
ceremonies:,1,4296
"pitty,",1,4297
theater.,1,4298
lacke,1,4299
stemming,1,4300
"blockes,",1,4301
"course,",1,4302
followes,1,4303
spaniell,1,4304
nothing.,1,4305
reioyce?,1,4306
"greefe,",1,4307
strong;,1,4308
street?,1,4309
begun.,1,4310
possible?,1,4311
added,1,4312
vntouch'd,1,4313
force,1,4314
absent),1,4315
cares,1,4316
seldome,1,4317
"heraulds,",1,4318
guiltinesse:,1,4319
gorging,1,4320
winne,1,4321
"philosophy,",1,4322
"interpreted,",1,4323
fulfill,1,4324
feares,1,4325
points,1,4326
professe,1,4327
leather,1,4328
ready?,1,4329
soare,1,4330
murd'rous,1,4331
"byrth,",1,4332
downward,1,4333
o're-shot,1,4334
"same,",1,4335
resort,1,4336
"height,",1,4337
blood;,1,4338
"meanes,",1,4339
tapor,1,4340
knowne.,1,4341
concaue,1,4342
scap'd,1,4343
fire?,1,4344
profession?,1,4345
"alchymie,",1,4346
fellow;,1,4347
gliding,1,4348
dint,1,4349
(you,1,4350
"artimedorus,",1,4351
"conquests,",1,4352
ioyn'd,1,4353
window,1,4354
"spaine,",1,4355
lights,1,4356
actors,1,4357
easily,1,4358
"marriage,",1,4359
vnaccustom'd,1,4360
twenty,1,4361
murderers.,1,4362
"cryed,",1,4363
kindle,1,4364
slumber!,1,4365
done?,1,4366
stroken,1,4367
pre-formed,1,4368
greeue,1,4369
too?,1,4370
auoyded,1,4371
consum'd,1,4372
linkes,1,4373
tyranny,1,4374
complexion,1,4375
calles?,1,4376
stab,1,4377
vnknowne?,1,4378
leysure),1,4379
sooth,1,4380
"serues,",1,4381
"pre-ordinance,",1,4382
"fat,",1,4383
appeas'd,1,4384
freedome,1,4385
grone:,1,4386
"saide,",1,4387
diuision,1,4388
drachmaes,1,4389
teethes,1,4390
gods;,1,4391
may'st,1,4392
"conscience,",1,4393
lionnesse,1,4394
(with,1,4395
trembled,1,4396
"seen,",1,4397
hedge,1,4398
climber,1,4399
earnes,1,4400
"temper,",1,4401
partly,1,4402
senslesse,1,4403
calphurnia.,1,4404
lowest,1,4405
"troy,",1,4406
falles,1,4407
emulation.,1,4408
swords:,1,4409
north,1,4410
"should,",1,4411
receiuest,1,4412
waste,1,4413
conference,1,4414
notice,1,4415
"fates,",1,4416
wish.,1,4417
heart.,1,4418
murellus,1,4419
wife:,1,4420
"cobler,",1,4421
perswasion,1,4422
messenger.,1,4423
clap,1,4424
antony?,1,4425
"trash,",1,4426
thousand,1,4427
crowd,1,4428
"flint,",1,4429
"proceeding,",1,4430
chanc'd.,1,4431
"swore,",1,4432
minde.,1,4433
wept:,1,4434
them-,1,4435
doing,1,4436
nod,1,4437
interpose,1,4438
kerchiefe?,1,4439
lightning.,1,4440
vtmost,1,4441
"honors,",1,4442
stinking,1,4443
csar,1,4444
sufferance,1,4445
course.,1,4446
sinke.,1,4447
enter:,1,4448
hart:,1,4449
"eare,",1,4450
needs,1,4451
mutiny:,1,4452
single,1,4453
greets,1,4454
speak'st,1,4455
"crown,",1,4456
"matters,",1,4457
"mans,",1,4458
vntrod,1,4459
night-gowne.,1,4460
great?,1,4461
sometime,1,4462
awe?,1,4463
shaking,1,4464
prima.,1,4465
"lips,",1,4466
"fight,",1,4467
deed.,1,4468
tenure,1,4469
"intend,",1,4470
"sayd,",1,4471
"brasse,",1,4472
"dewes,",1,4473
ring,1,4474
them:,1,4475
seest,1,4476
regarded,1,4477
learne,1,4478
"slay,",1,4479
dying,1,4480
iudgement!,1,4481
imminent;,1,4482
youthfull,1,4483
louers,1,4484
vnassayleable,1,4485
o!,1,4486
superstitious,1,4487
"statue,",1,4488
enemy:,1,4489
"firme,",1,4490
bent;,1,4491
sparkes,1,4492
